{
  "args": {
    "labeled_data_path": "./labeled_cot/labeled_intermediate_answers_DeepSeek-R1-Distill-Qwen-1.5B_math_500_rollout_temperature0.6.jsonl",
    "model_path": "/home/aymelgad/models/DeepSeek-R1-Distill-Qwen-1.5B",
    "probe_ckpt": "./grid_search/DeepSeek-R1-Distill-Qwen-1.5B_math-train/checkpoints/best_model_weightedloss_e200-hs0-bs64-lr0.001-wd0.001-alpha2.0-thres0.5-s42.pt",
    "model_name": "DeepSeek-R1-Distill-Qwen-1.5B",
    "output_dir": "./early_exit_results/DeepSeek-R1-Distill-Qwen-1.5B_math_500",
    "batch_size": 8,
    "max_examples": -1,
    "max_generation_tokens": 10000,
    "thresholds": "0.50,0.55,0.60,0.65,0.70,0.75,0.80,0.85,0.90,0.95,0.99",
    "static_k_values": "1,2,3,4,5,6,7,8,9,10",
    "probe_hidden_size": null,
    "no_quantization": false,
    "seed": 42,
    "scores_only": false,
    "embed_dir": "./model_embeds/DeepSeek-R1-Distill-Qwen-1.5B_math-train"
  },
  "n_examples_scored": 318,
  "no_early_exit": {
    "n_examples": 318,
    "n_skipped": 0,
    "accuracy": 0.8427672955974843,
    "avg_selected_tokens": 4029.490566037736,
    "avg_full_trace_tokens": 3324.578616352201,
    "avg_token_ratio": 1.0704911949685534,
    "avg_token_reduction": -0.07049119496855338,
    "avg_selected_chunk": 9.732704402515724
  },
  "confidence_early_exit": [
    {
      "n_examples": 318,
      "n_skipped": 0,
      "accuracy": 0.6540880503144654,
      "avg_selected_tokens": 1534.3459119496856,
      "avg_full_trace_tokens": 3324.578616352201,
      "avg_token_ratio": 0.5240323861228658,
      "avg_token_reduction": 0.47596761387713415,
      "avg_selected_chunk": 2.160377358490566,
      "threshold": 0.5,
      "n_threshold_hit": 277
    },
    {
      "n_examples": 318,
      "n_skipped": 0,
      "accuracy": 0.6477987421383647,
      "avg_selected_tokens": 1568.1006289308177,
      "avg_full_trace_tokens": 3324.578616352201,
      "avg_token_ratio": 0.5328412134168536,
      "avg_token_reduction": 0.46715878658314636,
      "avg_selected_chunk": 2.292452830188679,
      "threshold": 0.55,
      "n_threshold_hit": 271
    },
    {
      "n_examples": 318,
      "n_skipped": 0,
      "accuracy": 0.660377358490566,
      "avg_selected_tokens": 1584.8647798742138,
      "avg_full_trace_tokens": 3324.578616352201,
      "avg_token_ratio": 0.5429840591673958,
      "avg_token_reduction": 0.4570159408326042,
      "avg_selected_chunk": 2.3742138364779874,
      "threshold": 0.6,
      "n_threshold_hit": 265
    },
    {
      "n_examples": 318,
      "n_skipped": 0,
      "accuracy": 0.6572327044025157,
      "avg_selected_tokens": 1629.2012578616352,
      "avg_full_trace_tokens": 3324.578616352201,
      "avg_token_ratio": 0.5544577058755047,
      "avg_token_reduction": 0.4455422941244953,
      "avg_selected_chunk": 2.509433962264151,
      "threshold": 0.65,
      "n_threshold_hit": 261
    },
    {
      "n_examples": 318,
      "n_skipped": 0,
      "accuracy": 0.660377358490566,
      "avg_selected_tokens": 1759.814465408805,
      "avg_full_trace_tokens": 3324.578616352201,
      "avg_token_ratio": 0.5726688834790642,
      "avg_token_reduction": 0.4273311165209358,
      "avg_selected_chunk": 2.6540880503144653,
      "threshold": 0.7,
      "n_threshold_hit": 258
    },
    {
      "n_examples": 318,
      "n_skipped": 0,
      "accuracy": 0.6729559748427673,
      "avg_selected_tokens": 1815.3993710691823,
      "avg_full_trace_tokens": 3324.578616352201,
      "avg_token_ratio": 0.5903495156161908,
      "avg_token_reduction": 0.40965048438380924,
      "avg_selected_chunk": 2.8553459119496853,
      "threshold": 0.75,
      "n_threshold_hit": 251
    },
    {
      "n_examples": 318,
      "n_skipped": 0,
      "accuracy": 0.6729559748427673,
      "avg_selected_tokens": 1906.7735849056603,
      "avg_full_trace_tokens": 3324.578616352201,
      "avg_token_ratio": 0.6162269044299409,
      "avg_token_reduction": 0.3837730955700591,
      "avg_selected_chunk": 3.088050314465409,
      "threshold": 0.8,
      "n_threshold_hit": 244
    },
    {
      "n_examples": 318,
      "n_skipped": 0,
      "accuracy": 0.6823899371069182,
      "avg_selected_tokens": 2053.3081761006288,
      "avg_full_trace_tokens": 3324.578616352201,
      "avg_token_ratio": 0.6519385002264253,
      "avg_token_reduction": 0.3480614997735747,
      "avg_selected_chunk": 3.4654088050314464,
      "threshold": 0.85,
      "n_threshold_hit": 232
    },
    {
      "n_examples": 318,
      "n_skipped": 0,
      "accuracy": 0.710691823899371,
      "avg_selected_tokens": 2318.5849056603774,
      "avg_full_trace_tokens": 3324.578616352201,
      "avg_token_ratio": 0.7129674454762837,
      "avg_token_reduction": 0.28703255452371634,
      "avg_selected_chunk": 4.172955974842767,
      "threshold": 0.9,
      "n_threshold_hit": 206
    },
    {
      "n_examples": 318,
      "n_skipped": 0,
      "accuracy": 0.7452830188679245,
      "avg_selected_tokens": 2727.3459119496856,
      "avg_full_trace_tokens": 3324.578616352201,
      "avg_token_ratio": 0.806161417996684,
      "avg_token_reduction": 0.19383858200331605,
      "avg_selected_chunk": 5.30188679245283,
      "threshold": 0.95,
      "n_threshold_hit": 162
    },
    {
      "n_examples": 318,
      "n_skipped": 0,
      "accuracy": 0.8427672955974843,
      "avg_selected_tokens": 4029.490566037736,
      "avg_full_trace_tokens": 3324.578616352201,
      "avg_token_ratio": 1.0704911949685534,
      "avg_token_reduction": -0.07049119496855338,
      "avg_selected_chunk": 9.732704402515724,
      "threshold": 0.99,
      "n_threshold_hit": 0
    }
  ],
  "static_early_exit": [
    {
      "n_examples": 318,
      "n_skipped": 0,
      "accuracy": 0.610062893081761,
      "avg_selected_tokens": 1196.4905660377358,
      "avg_full_trace_tokens": 3324.578616352201,
      "avg_token_ratio": 0.39255407922702157,
      "avg_token_reduction": 0.6074459207729784,
      "avg_selected_chunk": 1.0,
      "static_k": 1
    },
    {
      "n_examples": 318,
      "n_skipped": 0,
      "accuracy": 0.7012578616352201,
      "avg_selected_tokens": 1583.877358490566,
      "avg_full_trace_tokens": 3324.578616352201,
      "avg_token_ratio": 0.532789556273635,
      "avg_token_reduction": 0.467210443726365,
      "avg_selected_chunk": 2.0,
      "static_k": 2
    },
    {
      "n_examples": 318,
      "n_skipped": 0,
      "accuracy": 0.7421383647798742,
      "avg_selected_tokens": 1903.2798742138364,
      "avg_full_trace_tokens": 3324.578616352201,
      "avg_token_ratio": 0.6487111234092207,
      "avg_token_reduction": 0.35128887659077934,
      "avg_selected_chunk": 2.9150943396226414,
      "static_k": 3
    },
    {
      "n_examples": 318,
      "n_skipped": 0,
      "accuracy": 0.7138364779874213,
      "avg_selected_tokens": 2219.062893081761,
      "avg_full_trace_tokens": 3324.578616352201,
      "avg_token_ratio": 0.7441567898353556,
      "avg_token_reduction": 0.2558432101646444,
      "avg_selected_chunk": 3.707547169811321,
      "static_k": 4
    },
    {
      "n_examples": 318,
      "n_skipped": 0,
      "accuracy": 0.7735849056603774,
      "avg_selected_tokens": 2469.198113207547,
      "avg_full_trace_tokens": 3324.578616352201,
      "avg_token_ratio": 0.81083838499592,
      "avg_token_reduction": 0.18916161500408002,
      "avg_selected_chunk": 4.349056603773585,
      "static_k": 5
    },
    {
      "n_examples": 318,
      "n_skipped": 0,
      "accuracy": 0.7452830188679245,
      "avg_selected_tokens": 2624.7987421383646,
      "avg_full_trace_tokens": 3324.578616352201,
      "avg_token_ratio": 0.8585277125539669,
      "avg_token_reduction": 0.14147228744603313,
      "avg_selected_chunk": 4.908805031446541,
      "static_k": 6
    },
    {
      "n_examples": 318,
      "n_skipped": 0,
      "accuracy": 0.7578616352201258,
      "avg_selected_tokens": 2762.135220125786,
      "avg_full_trace_tokens": 3324.578616352201,
      "avg_token_ratio": 0.8917992133026974,