{
  "args": {
    "labeled_data_path": "./labeled_cot/labeled_intermediate_answers_DeepSeek-R1-Distill-Qwen-1.5B_aime_25_rollout_temperature0.6.jsonl",
    "model_path": "/home/aymelgad/models/DeepSeek-R1-Distill-Qwen-1.5B",
    "probe_ckpt": "./grid_search/DeepSeek-R1-Distill-Qwen-1.5B_aime_25/checkpoints/best_model_weightedloss_e200-hs0-bs64-lr1e-05-wd0.01-alpha0.3-thres0.5-s42.pt",
    "model_name": "DeepSeek-R1-Distill-Qwen-1.5B",
    "output_dir": "./early_exit_results/DeepSeek-R1-Distill-Qwen-1.5B_aime_25",
    "batch_size": 4,
    "max_examples": -1,
    "max_generation_tokens": 10000,
    "thresholds": "0.50,0.55,0.60,0.65,0.70,0.75,0.80,0.85,0.90,0.95,0.99",
    "static_k_values": "1,2,3,4,5,6,7,8,9,10",
    "probe_hidden_size": null,
    "no_quantization": false,
    "seed": 42,
    "scores_only": false
  },
  "n_examples_scored": 23,
  "no_early_exit": {
    "n_examples": 23,
    "n_skipped": 0,
    "accuracy": 0.30434782608695654,
    "avg_selected_tokens": 7871.521739130435,
    "avg_full_trace_tokens": 7027.652173913043,
    "avg_token_ratio": 1.0843869565217392,
    "avg_token_reduction": -0.08438695652173922,
    "avg_selected_chunk": 5.565217391304348
  },
  "confidence_early_exit": [
    {
      "n_examples": 23,
      "n_skipped": 0,
      "accuracy": 0.21739130434782608,
      "avg_selected_tokens": 5404.086956521739,
      "avg_full_trace_tokens": 7027.652173913043,
      "avg_token_ratio": 0.7529829027933157,
      "avg_token_reduction": 0.2470170972066843,
      "avg_selected_chunk": 1.3478260869565217,
      "threshold": 0.5,
      "n_threshold_hit": 18
    },
    {
      "n_examples": 23,
      "n_skipped": 0,
      "accuracy": 0.21739130434782608,
      "avg_selected_tokens": 5508.826086956522,
      "avg_full_trace_tokens": 7027.652173913043,
      "avg_token_ratio": 0.7750286048423124,
      "avg_token_reduction": 0.2249713951576876,
      "avg_selected_chunk": 1.391304347826087,
      "threshold": 0.55,
      "n_threshold_hit": 16
    },
    {
      "n_examples": 23,
      "n_skipped": 0,
      "accuracy": 0.21739130434782608,
      "avg_selected_tokens": 5508.826086956522,
      "avg_full_trace_tokens": 7027.652173913043,
      "avg_token_ratio": 0.7750286048423124,
      "avg_token_reduction": 0.2249713951576876,
      "avg_selected_chunk": 1.391304347826087,
      "threshold": 0.6,
      "n_threshold_hit": 16
    },
    {
      "n_examples": 23,
      "n_skipped": 0,
      "accuracy": 0.21739130434782608,
      "avg_selected_tokens": 5549.478260869565,
      "avg_full_trace_tokens": 7027.652173913043,
      "avg_token_ratio": 0.7859273109852194,
      "avg_token_reduction": 0.2140726890147806,
      "avg_selected_chunk": 1.4782608695652173,
      "threshold": 0.65,
      "n_threshold_hit": 16
    },
    {
      "n_examples": 23,
      "n_skipped": 0,
      "accuracy": 0.21739130434782608,
      "avg_selected_tokens": 5575.782608695652,
      "avg_full_trace_tokens": 7027.652173913043,
      "avg_token_ratio": 0.7941243654651468,
      "avg_token_reduction": 0.20587563453485325,
      "avg_selected_chunk": 1.565217391304348,
      "threshold": 0.7,
      "n_threshold_hit": 16
    },
    {
      "n_examples": 23,
      "n_skipped": 0,
      "accuracy": 0.2608695652173913,
      "avg_selected_tokens": 5600.608695652174,
      "avg_full_trace_tokens": 7027.652173913043,
      "avg_token_ratio": 0.8007801528529541,
      "avg_token_reduction": 0.19921984714704588,
      "avg_selected_chunk": 1.608695652173913,
      "threshold": 0.75,
      "n_threshold_hit": 16
    },
    {
      "n_examples": 23,
      "n_skipped": 0,
      "accuracy": 0.2608695652173913,
      "avg_selected_tokens": 5613.826086956522,
      "avg_full_trace_tokens": 7027.652173913043,
      "avg_token_ratio": 0.805425984594377,
      "avg_token_reduction": 0.19457401540562302,
      "avg_selected_chunk": 1.6521739130434783,
      "threshold": 0.8,
      "n_threshold_hit": 14
    },
    {
      "n_examples": 23,
      "n_skipped": 0,
      "accuracy": 0.2608695652173913,
      "avg_selected_tokens": 5639.304347826087,
      "avg_full_trace_tokens": 7027.652173913043,
      "avg_token_ratio": 0.8095938663005058,
      "avg_token_reduction": 0.19040613369949422,
      "avg_selected_chunk": 1.826086956521739,
      "threshold": 0.85,
      "n_threshold_hit": 13
    },
    {
      "n_examples": 23,
      "n_skipped": 0,
      "accuracy": 0.2608695652173913,
      "avg_selected_tokens": 6025.0,
      "avg_full_trace_tokens": 7027.652173913043,
      "avg_token_ratio": 0.8617439616648462,
      "avg_token_reduction": 0.13825603833515376,
      "avg_selected_chunk": 2.1739130434782608,
      "threshold": 0.9,
      "n_threshold_hit": 9
    },
    {
      "n_examples": 23,
      "n_skipped": 0,
      "accuracy": 0.30434782608695654,
      "avg_selected_tokens": 6754.652173913043,
      "avg_full_trace_tokens": 7027.652173913043,
      "avg_token_ratio": 0.9610945644092246,
      "avg_token_reduction": 0.03890543559077542,
      "avg_selected_chunk": 4.391304347826087,
      "threshold": 0.95,
      "n_threshold_hit": 7
    },
    {
      "n_examples": 23,
      "n_skipped": 0,
      "accuracy": 0.30434782608695654,
      "avg_selected_tokens": 7871.521739130435,
      "avg_full_trace_tokens": 7027.652173913043,
      "avg_token_ratio": 1.0843869565217392,
      "avg_token_reduction": -0.08438695652173922,
      "avg_selected_chunk": 5.565217391304348,
      "threshold": 0.99,
      "n_threshold_hit": 0
    }
  ],
  "static_early_exit": [
    {
      "n_examples": 23,
      "n_skipped": 0,
      "accuracy": 0.21739130434782608,
      "avg_selected_tokens": 4779.347826086957,
      "avg_full_trace_tokens": 7027.652173913043,
      "avg_token_ratio": 0.6799809953962562,
      "avg_token_reduction": 0.3200190046037438,
      "avg_selected_chunk": 1.0,
      "static_k": 1
    },
    {
      "n_examples": 23,
      "n_skipped": 0,
      "accuracy": 0.21739130434782608,
      "avg_selected_tokens": 5781.086956521739,
      "avg_full_trace_tokens": 7027.652173913043,
      "avg_token_ratio": 0.8095654079738712,
      "avg_token_reduction": 0.19043459202612878,
      "avg_selected_chunk": 1.7391304347826086,
      "static_k": 2
    },
    {
      "n_examples": 23,
      "n_skipped": 0,
      "accuracy": 0.21739130434782608,
      "avg_selected_tokens": 6130.0,
      "avg_full_trace_tokens": 7027.652173913043,
      "avg_token_ratio": 0.866799288473674,
      "avg_token_reduction": 0.13320071152632595,
      "avg_selected_chunk": 2.217391304347826,
      "static_k": 3
    },
    {
      "n_examples": 23,
      "n_skipped": 0,
      "accuracy": 0.30434782608695654,
      "avg_selected_tokens": 6504.04347826087,
      "avg_full_trace_tokens": 7027.652173913043,
      "avg_token_ratio": 0.9148907491614612,
      "avg_token_reduction": 0.08510925083853882,
      "avg_selected_chunk": 2.652173913043478,
      "static_k": 4
    },
    {
      "n_examples": 23,
      "n_skipped": 0,
      "accuracy": 0.2608695652173913,
      "avg_selected_tokens": 6638.04347826087,
      "avg_full_trace_tokens": 7027.652173913043,
      "avg_token_ratio": 0.9386493725343003,
      "avg_token_reduction": 0.06135062746569975,
      "avg_selected_chunk": 3.0434782608695654,
      "static_k": 5
    },
    {
      "n_examples": 23,
      "n_skipped": 0,
      "accuracy": 0.30434782608695654,
      "avg_selected_tokens": 6726.217391304348,
      "avg_full_trace_tokens": 7027.652173913043,
      "avg_token_ratio": 0.9542873239203504,
      "avg_token_reduction": 0.04571267607964957,
      "avg_selected_chunk": 3.347826086956522,
      "static_k": 6
    },
    {
      "n_examples": 23,
      "n_skipped": 0,
      "accuracy": 0.30434782608695654,
      "avg_selected_tokens": 6872.826086956522,
      "avg_full_trace_tokens": 7027.652173913043,
      "avg_token_ratio": 0.969520706555196,
      "avg_token_reduction": 0.030479293444804045,
      "avg_selected_chunk": 3.5652173913043477,